TRUE_ASH,PRED_ASH,TRUE_MOISTURE,PRED_MOISTURE,TRUE_GCV,PRED_GCV
42.86854179134248,44.097977,4.762380191693189,5.726306,3830.095549016663,3573.9841
66.59634317862135,63.670006,3.2526020816655676,3.3772135,1815.7094632105054,2073.1096
41.0605302651328,40.32532,8.651246620606907,5.8792048,3434.1189622747297,3906.9558
46.1222855999201,43.617977,4.705999403044637,5.154449,3531.9320748282244,3702.4436
67.06742811341574,57.392,3.8523113868320094,4.8139806,1684.0344309180316,2455.0535
52.1155003007819,56.0682,6.836327345309057,4.685026,2657.435230201377,2598.4785
54.98440800724256,50.881104,5.049186910258985,6.3542333,2647.506527904332,2843.859
36.77884615384619,40.165947,8.890000000000065,6.221863,3802.5198461538334,3872.071
77.94293695131688,78.13513,3.3864342250278434,3.3238277,727.8282334999477,718.8463
45.266626722588235,49.35516,4.313450760608397,4.629903,3669.655997056508,3238.6042
57.47574757475746,50.22929,5.753670961941934,5.941078,2310.3491163020917,2965.389
46.49553795247164,42.611168,8.03384768541565,7.1179514,3012.2519233987514,3511.3586
54.66746794871792,50.57205,3.956547737691836,3.817508,2836.437867340788,3242.3066
46.78215328834742,43.34349,5.252626313156771,5.62389,3390.2100551735807,3659.9385
39.540688966549894,39.255478,7.817654703588822,5.4093647,3698.598202067129,4076.1
59.18959479739881,55.75421,2.734375000000032,4.1347656,2588.5827538769236,2708.1614
50.488339645206224,54.168114,3.782812655953563,4.9403286,3255.2404163005426,2740.2185
71.83309985991588,55.906796,3.5092981403720893,5.103202,1285.2415079521434,2552.7898
26.07827476038362,23.261398,8.541708341668322,9.648143,4860.796914015371,4964.937
26.420968065876757,26.6982,8.476939934256125,8.397097,4837.959192489352,4823.48
50.60841811290644,52.916485,4.342184068676542,5.049593,3162.489350089424,2842.1628
49.07305341216557,51.493813,4.903238744610424,4.323707,3225.3697294952112,3081.8105
47.15398442180954,37.549896,3.524141363862539,5.4242845,3606.8658442640276,4234.526
49.57077260930337,61.751995,5.378168030333484,5.4005976,3109.354785891439,1959.1052
45.26326286398091,47.02205,3.5245819565434697,4.0492187,3784.832035854827,3542.8376
51.41914851089335,50.7162,4.4120582950688805,4.321147,3075.977288452252,3155.4033
51.410784215282575,63.180473,3.9332059148978455,5.841107,3146.4857770798653,1760.4613
55.8405129232616,51.64493,4.588623412976071,4.862512,2633.953734216371,2989.1316
78.63786378637869,74.39262,1.5691727083125142,3.4604788,926.9871995442812,1051.3455
35.85094660923576,29.374998,4.868500301144066,8.442269,4475.421223427784,4564.8555
23.55293411976389,30.943607,9.656480926702814,7.396533,4936.272100355101,4569.4146
53.56783919597981,58.441498,4.0732173388314825,2.928838,2922.9918167726764,2630.7092
38.982371794871675,40.809,6.959046760789174,5.54242,3876.1826634239796,3910.448
23.859543817526912,24.093306,8.706939590614006,8.69451,5045.6549497482665,5025.454
47.46085909273406,43.755035,4.537277633419846,4.6170855,3430.4578844022303,3767.7783
35.49261825851168,37.63737,5.066478646253028,4.9280896,4480.335773884099,4298.535
27.974340984263822,44.475983,5.168786937794302,5.7141633,5173.360674778868,3540.1592
83.04897631473293,79.12785,1.5890576284823963,1.6031573,508.7415994977108,875.90137
32.409614620580086,39.585445,5.927938808373716,6.463786,4645.202796826966,3891.5068
31.428856316681692,43.259518,10.875649740103995,7.42099,4017.1642870621095,3406.1875
42.416375436844845,44.450092,4.461707001294734,5.5776186,3916.449549478175,3562.478
47.71228771228755,37.745453,3.0296970302970094,5.1856484,3626.2871013997596,4250.8574
33.78378378378368,40.109367,7.282913165266186,7.1309557,4318.526762056171,3745.0347
32.41083025277253,30.789673,4.421768707482991,6.632804,4864.386699589415,4695.108
52.98709096367455,53.630016,2.7486256871564105,4.290729,3170.53561481043,2885.4673
60.01606587006731,59.39519,3.26436319807158,3.934723,2433.59595603524,2394.4531
72.7154698891442,71.81535,4.14570336083718,4.132989,1109.4969459002887,1196.1033
52.322787344813875,56.914455,6.201860558167562,4.2152767,2730.295446343128,2587.1902
31.253130321546735,32.138336,7.557557557557544,8.051847,4516.824868542781,4361.5054
41.78281359671103,45.582703,10.917248255234355,8.295196,3036.1789257715673,3060.1523
38.33233353329318,39.71603,6.088616497538517,9.166697,4064.124912463506,3485.6675
80.10260537169324,73.39156,1.9791038778380823,3.910406,729.3811535881385,1080.095
54.255425542554285,46.328938,4.40971530957593,5.9116507,2809.2545818388326,3336.9307
19.249723423514137,21.371317,7.661532306461377,7.544806,5631.926938621131,5449.153
40.93420391762943,37.316193,6.3027744270208075,5.8854575,3787.9514025417825,4189.385
84.43665498247368,74.58976,1.6833667334669307,2.048957,364.3463704574931,1238.2999
57.84382168145984,48.56616,5.4456434852117415,6.485215,2320.540059026911,3042.7632
63.49935123265788,53.138027,2.643918986331479,3.0866396,2195.94648352307,3107.1084
69.13530824659709,65.74771,3.6619437238077728,4.672191,1517.0403693140058,1688.9243
51.80771156735126,49.9528,5.163097858715294,5.5327363,2930.0388305892575,3050.8777
45.29188324670128,53.537098,4.9930237193540705,3.641154,3568.332019952654,2988.7947
35.37462537462523,41.169563,11.551551551551672,8.183741,3547.2193688193643,3491.9211
33.380028016810215,28.89569,5.099490050994908,6.9043136,4674.45081051229,4833.9136
40.04004004003995,45.838398,3.5624937456219876,5.4470515,4271.130740467277,3450.7659
52.940585101035595,50.8681,3.9378757515030864,5.8258734,3001.7597974676387,2922.0122
19.942023190723773,18.991278,6.319776714513351,10.99046,5762.099606728306,5171.57
50.93093093093089,55.124496,6.643356643356603,4.939855,2797.0708162708247,2650.2341
49.149149149149004,45.023216,5.764988971325531,6.6978064,3092.733721891132,3345.413
41.8356137021872,51.785362,6.071499900139844,4.710646,3736.748228341691,2998.0198
36.93955164131307,35.592014,8.270902007791324,9.253337,3877.5284851195443,3861.3696
54.22168867547013,55.6982,5.520488928964987,5.0142713,2650.70260626043,2585.3794
70.556895858464,64.27998,2.3583491555909193,3.3632631,1572.9870489129912,2017.7052
46.100848726909675,40.133537,5.96403596403591,5.867742,3350.7804475105568,3926.683
62.9011296611018,58.72027,3.5256410256409922,4.2229533,2123.896297777326,2416.0376
23.720650210716475,20.555363,8.291608251552404,8.146602,5119.205414732906,5438.362
61.73843219913689,66.15546,2.3223362902421014,5.685386,2408.5770602700195,1503.0098
49.28158052284981,51.44226,4.617691154422685,4.374115,3247.3105458845184,3079.3257
59.74181927349148,48.186993,4.3352022426914365,7.655491,2303.5048506721682,2908.0732
49.75580584072582,41.117233,4.449555044495831,7.4559197,3227.138107558663,3602.819
